id|nodeName
0|noName
1|noName
2|noName
3|noName
4|noName
5|noName
6|noName
7|noName
8|noName
9|noName
10|noName
11|noName
12|noName
13|noName
14|noName
15|noName
16|noName
17|noName
18|noName
19|noName
20|noName
21|noName
22|noName
23|noName
24|noName
25|noName
26|noName
27|noName
28|noName
29|noName
30|noName
31|noName
32|noName
33|noName
34|noName
35|noName
36|noName
37|noName
38|noName
39|noName
40|noName
41|noName
42|noName
43|noName
44|noName
45|noName
46|noName
47|noName
48|noName
49|noName
50|noName
51|noName
52|noName
53|noName
54|noName
55|noName
56|noName
57|noName
58|noName
59|noName
60|noName
61|noName
62|noName
63|noName
64|noName
65|noName
66|noName
67|noName
68|noName
69|noName
70|noName
71|noName
72|noName
73|noName
74|noName
75|noName
76|noName
77|noName
78|noName
79|noName
80|noName
81|noName
82|noName
83|noName
84|noName
85|noName
86|noName
87|noName
88|noName
89|noName
90|noName
91|noName
92|noName
93|noName
94|noName
95|noName
96|noName
97|noName
98|noName
99|noName
100|noName
101|noName
102|noName
103|noName
104|noName
105|noName
106|noName
107|noName
108|noName
109|noName
110|noName
111|noName
112|noName
113|noName
114|noName
115|noName
116|noName
117|noName
118|noName
119|noName
120|noName
121|noName
122|noName
123|noName
124|noName
125|noName
126|noName
127|noName
128|noName
129|noName
130|noName
131|noName
132|noName
133|noName
134|noName
135|noName
136|noName
137|noName
138|noName
139|noName
140|noName
141|noName
142|noName
143|noName
144|noName
145|noName
146|noName
147|noName
148|noName
149|noName
150|noName
151|noName
152|noName
153|noName
154|noName
155|noName
156|noName
157|noName
158|noName
159|noName
160|noName
161|noName
162|noName
163|noName
164|noName
165|noName
166|noName
167|noName
168|noName
169|noName
170|noName
171|noName
172|noName
173|noName
174|noName
175|noName
176|noName
177|noName
178|noName
179|noName
180|noName
181|noName
182|noName
183|noName
184|noName
185|noName
186|noName
187|noName
188|noName
189|noName
190|noName
191|noName
192|noName
193|noName
194|noName
195|noName
196|noName
197|noName
198|noName
199|noName
200|noName
201|noName
202|noName
203|noName
204|noName
205|noName
206|noName
207|noName
208|noName
209|noName
210|noName
211|noName
212|noName
213|noName
214|noName
215|noName
216|noName
217|noName
218|noName
219|noName
220|noName
221|noName
222|noName
223|noName
224|noName
225|noName
226|noName
227|noName
228|noName
229|noName
230|noName
231|noName
232|noName
233|noName
234|noName
235|noName
236|noName
237|noName
238|noName
239|noName
240|noName
241|noName
242|noName
243|noName
244|noName
245|noName
246|noName
247|noName
248|noName
249|noName
250|noName
251|noName
252|noName
253|noName
254|noName
255|noName
256|noName
257|noName
258|noName
259|noName
260|noName
261|noName
262|noName
263|noName
264|noName
265|noName
266|noName
267|noName
268|noName
269|noName
270|noName
271|noName
272|noName
273|noName
274|noName
275|noName
276|noName
277|noName
278|noName
279|noName
280|noName
281|noName
282|noName
283|noName
284|noName
285|noName
286|noName
287|noName
288|noName
289|noName
290|noName
291|noName
292|noName
293|noName
294|noName
295|noName
296|noName
297|noName
298|noName
299|noName
300|noName
301|noName
302|noName
303|noName
304|noName
305|noName
306|noName
307|noName
308|noName
309|noName
310|noName
311|noName
312|noName
313|noName
314|noName
315|noName
316|noName
317|noName
318|noName
319|noName
320|noName
321|noName
322|noName
323|noName
324|noName
325|noName
326|noName
327|noName
328|noName
329|noName
330|noName
331|noName
332|noName
333|noName
334|noName
335|noName
336|noName
337|noName
338|noName
339|noName
340|noName
341|noName
342|noName
343|noName
344|noName
345|noName
346|noName
347|noName
348|noName
349|noName
350|noName
351|noName
352|noName
353|noName
354|noName
355|noName
356|noName
357|noName
358|noName
359|noName
360|noName
361|noName
362|noName
363|noName
364|noName
365|noName
366|noName
367|noName
368|noName
369|noName
370|noName
371|noName
372|noName
373|noName
374|noName
375|noName
376|noName
377|noName
378|noName
379|noName
380|noName
381|noName
382|noName
383|noName
384|noName
385|noName
386|noName
387|noName
388|noName
389|noName
390|noName
391|noName
392|noName
393|noName
394|noName
395|noName
396|noName
397|noName
398|noName
399|noName
